press,t_peak,peak_Fz,peak_Fmag,Fx,Fy,Fz,x,y,z,rx,ry,rz
1,1783605430.306645,-0.7682,0.8507,-0.1301,0.3417,-0.7682,0.000422,-0.509792,0.192241,-0.000039,3.141581,-0.000206
2,1783605435.438791,1.0551,1.0733,-0.0896,0.1752,1.0551,-0.024435,-0.509805,0.178019,-0.000118,2.829176,-0.000081
3,1783605441.931195,1.5501,1.5507,-0.0392,0.0173,1.5501,-0.048816,-0.509770,0.165348,-0.000168,2.502265,-0.000342
4,1783605447.356266,1.0851,1.0952,-0.0589,0.1360,1.0851,-0.054843,-0.509803,0.160051,-0.000382,2.441960,-0.000296
5,1783605452.988956,1.5337,1.5345,-0.0477,-0.0061,1.5337,-0.062662,-0.509802,0.152527,-0.000479,2.337446,-0.000462
6,1783605458.359074,1.7211,1.7225,-0.0522,-0.0453,1.7211,-0.067061,-0.509808,0.146837,-0.000074,2.278718,-0.000396
7,1783605463.804075,2.2939,2.3038,-0.0272,-0.2119,2.2939,-0.071835,-0.509782,0.140543,0.000203,2.211596,0.000101
8,1783605468.873724,2.2529,2.2598,-0.0238,-0.1751,2.2529,-0.073582,-0.509797,0.137189,-0.000020,2.199426,0.000048
9,1783605473.876129,3.2151,3.2376,0.0339,-0.3796,3.2151,-0.076024,-0.509790,0.132631,-0.000289,2.165066,-0.000275
10,1783605478.845888,4.1594,4.1987,0.0894,-0.5662,4.1594,-0.077507,-0.509800,0.129074,0.000112,2.149229,0.000012
11,1783605484.106001,5.5427,5.6138,0.1030,-0.8842,5.5427,-0.080327,-0.509761,0.123650,-0.000304,2.103183,0.000021
12,1783605489.214614,7.0503,7.1451,0.1360,-1.1517,7.0503,-0.082408,-0.509777,0.119399,-0.000367,2.075384,-0.000439
13,1783605504.651849,0.7425,0.8125,-0.0346,0.3281,0.7425,0.000515,-0.510589,0.183688,0.000010,3.141536,-0.000531
14,1783605511.397567,1.4114,1.4181,-0.1165,0.0728,1.4114,-0.025321,-0.517501,0.177365,-0.366224,2.779724,0.062996
15,1783605518.487239,-1.2477,1.3554,-0.2435,0.4700,-1.2477,-0.042083,-0.521967,0.177433,-0.346949,2.641363,0.085455
16,1783605524.327524,1.2277,1.2355,-0.1266,0.0564,1.2277,-0.052947,-0.524939,0.160098,-0.319159,2.424491,0.116455
17,1783605528.859699,1.5731,1.5821,-0.1661,-0.0296,1.5731,-0.061196,-0.527129,0.151964,-0.303872,2.308530,0.131307
18,1783605534.408630,1.9350,1.9446,-0.1569,-0.1115,1.9350,-0.064612,-0.528043,0.146795,-0.297961,2.262864,0.137076
19,1783605540.659677,2.8537,2.8797,-0.0837,-0.3773,2.8537,-0.070251,-0.529571,0.139229,-0.286153,2.173396,0.147681
20,1783605545.865505,3.3878,3.4266,-0.0511,-0.5120,3.3878,-0.072964,-0.530275,0.134622,-0.281555,2.139131,0.151665
21,1783605550.053550,3.7717,3.8138,-0.0954,-0.5573,3.7717,-0.074360,-0.530682,0.131026,-0.279664,2.123499,0.153304
22,1783605554.872412,4.7939,4.8553,-0.0410,-0.7687,4.7939,-0.075407,-0.530961,0.128063,-0.278886,2.118276,0.153924
23,1783605560.894982,6.3332,6.4358,0.0545,-1.1435,6.3332,-0.077464,-0.531472,0.123681,-0.274914,2.088762,0.157325
24,1783605565.123043,6.8912,6.9839,-0.1028,-1.1297,6.8912,-0.077975,-0.531605,0.121660,-0.276372,2.099795,0.156091
25,1783605579.974297,1.0676,1.1108,0.0758,0.2971,1.0676,0.000827,-0.511360,0.183490,0.000044,3.141574,-0.000254
26,1783605587.372690,2.1732,2.1763,-0.0409,-0.1101,2.1732,-0.026257,-0.527001,0.176431,-0.711689,2.654127,0.145169
27,1783605593.388438,2.1300,2.1414,-0.1477,-0.1627,2.1300,-0.042198,-0.536169,0.165143,-0.649680,2.423320,0.216980
28,1783605599.721698,-1.2392,1.3385,-0.3191,0.3926,-1.2392,-0.047930,-0.539434,0.168070,-0.653266,2.440567,0.212791
29,1783605605.420124,2.1102,2.1266,-0.1825,-0.1895,2.1102,-0.054372,-0.543195,0.151779,-0.605433,2.259615,0.262047
30,1783605610.698577,2.2943,2.3110,-0.1778,-0.2137,2.2943,-0.057646,-0.545122,0.146871,-0.593536,2.215551,0.273232
31,1783605615.947179,2.2378,2.2511,-0.1562,-0.1881,2.2378,-0.060802,-0.546927,0.141997,-0.582913,2.175392,0.283164
32,1783605620.786935,3.2689,3.3015,-0.1569,-0.4356,3.2689,-0.064436,-0.549030,0.135379,-0.565117,2.108790,0.299146
33,1783605626.261423,3.8861,3.9264,-0.0612,-0.5575,3.8861,-0.065372,-0.549581,0.132634,-0.564426,2.106108,0.299650
34,1783605631.448119,5.5339,5.6164,0.0206,-0.9586,5.5339,-0.067292,-0.550675,0.128123,-0.556024,2.074986,0.307012
35,1783605635.288128,6.9149,7.0188,-0.0103,-1.2027,6.9149,-0.068551,-0.551397,0.124813,-0.553277,2.064400,0.309493
36,1783605640.642126,9.5303,9.7015,0.0443,-1.8140,9.5303,-0.071033,-0.552812,0.119431,-0.540814,2.019770,0.319045
37,1783605655.735178,1.4622,1.4875,0.1556,0.2246,1.4622,0.001335,-0.512007,0.183564,0.000008,3.141550,-0.000309
38,1783605663.588051,2.5258,2.5308,-0.0108,-0.1592,2.5258,-0.020714,-0.533933,0.176018,-1.056317,2.550147,0.216318
39,1783605669.748326,1.9224,1.9288,-0.1433,-0.0644,1.9224,-0.030179,-0.543437,0.168172,-0.997694,2.408694,0.288271
40,1783605676.150094,2.6512,2.6725,-0.1550,-0.2989,2.6512,-0.040325,-0.553619,0.156927,-0.921458,2.224559,0.371374
41,1783605681.586180,1.5136,1.5344,-0.2515,-0.0087,1.5136,-0.041521,-0.554791,0.154844,-0.925590,2.234615,0.367092
42,1783605687.564223,3.5590,3.6023,-0.0792,-0.5509,3.5590,-0.048097,-0.561383,0.143922,-0.865031,2.088245,0.426312
43,1783605692.788684,3.5767,3.6164,-0.0989,-0.5252,3.5767,-0.050484,-0.563758,0.139215,-0.850716,2.053896,0.439397
44,1783605697.802305,3.1375,3.1621,-0.1074,-0.3783,3.1375,-0.051075,-0.564410,0.137281,-0.855196,2.064109,0.435267
45,1783605701.923498,4.3914,4.4425,-0.1143,-0.6621,4.3914,-0.052717,-0.566073,0.132686,-0.842513,2.032635,0.447022
46,1783605707.110199,5.9990,6.0900,-0.0766,-1.0455,5.9990,-0.054368,-0.567594,0.128094,-0.829763,2.002722,0.457744
47,1783605712.270616,7.7835,7.9140,-0.0420,-1.4304,7.7835,-0.055817,-0.569038,0.123624,-0.818531,1.975473,0.468089
48,1783605717.148836,9.6108,9.7769,-0.0323,-1.7938,9.6108,-0.056719,-0.569959,0.120588,-0.815801,1.969017,0.470426
49,1783605732.512741,1.8485,1.8676,0.2168,0.1551,1.8485,0.001951,-0.512471,0.183577,0.000049,3.141551,-0.000299
50,1783605740.776434,2.6661,2.6709,0.0817,-0.1371,2.6661,-0.011439,-0.535623,0.177461,-1.418818,2.456930,0.243131
51,1783605747.330456,2.6075,2.6128,0.0199,-0.1649,2.6075,-0.020317,-0.551022,0.168195,-1.314458,2.276716,0.379650
52,1783605753.881860,2.6125,2.6224,-0.0433,-0.2240,2.6125,-0.025724,-0.560433,0.160146,-1.248810,2.163028,0.455601
53,1783605758.560666,3.0516,3.0768,-0.1446,-0.3651,3.0516,-0.029973,-0.567692,0.151828,-1.192022,2.064565,0.516420
54,1783605763.849684,3.2427,3.2656,-0.0898,-0.3758,3.2427,-0.031841,-0.571014,0.146938,-1.169834,2.025793,0.538370
55,1783605770.213617,2.9864,3.0048,-0.1054,-0.3154,2.9864,-0.033600,-0.574083,0.141984,-1.149249,1.990472,0.558284
56,1783605774.715869,4.6793,4.7364,-0.0223,-0.7333,4.6793,-0.036081,-0.578352,0.134609,-1.108202,1.919236,0.596780
57,1783605780.776241,5.3617,5.4379,0.0926,-0.9025,5.3617,-0.036840,-0.579728,0.131128,-1.100533,1.906094,0.603567
58,1783605785.622059,6.1853,6.2768,0.1113,-1.0623,6.1853,-0.037354,-0.580608,0.128104,-1.097839,1.901516,0.606024
59,1783605789.692036,8.0211,8.1595,-0.0341,-1.4960,8.0211,-0.038445,-0.582447,0.123695,-1.083555,1.876100,0.619253
60,1783605794.694933,9.5095,9.6627,-0.0033,-1.7142,9.5095,-0.038724,-0.582901,0.121666,-1.088900,1.885529,0.614390
61,1783605810.248555,2.2231,2.2367,0.2417,0.0472,2.2231,0.002696,-0.512766,0.183522,0.000051,3.141550,-0.000307
62,1783605818.832395,3.2037,3.2163,0.1909,-0.2105,3.2037,-0.005403,-0.542727,0.175860,-1.704799,2.221529,0.349057
63,1783605825.175175,3.7063,3.7291,0.1645,-0.3776,3.7063,-0.010097,-0.560223,0.165136,-1.574284,2.051245,0.521195
64,1783605830.611633,3.1886,3.2033,0.0406,-0.3034,3.1886,-0.011636,-0.566141,0.159883,-1.540077,2.006512,0.561719
65,1783605836.348293,3.5518,3.5811,-0.0179,-0.4568,3.5518,-0.013865,-0.574422,0.151921,-1.472185,1.918045,0.637215
66,1783605841.634865,3.4762,3.5005,-0.0213,-0.4112,3.4762,-0.014821,-0.578227,0.147028,-1.445419,1.883245,0.665160
67,1783605847.697358,3.7861,3.8189,-0.0026,-0.4998,3.7861,-0.016002,-0.582486,0.140471,-1.405373,1.831547,0.705392
68,1783605852.413210,4.5232,4.5724,0.0198,-0.6684,4.5232,-0.016864,-0.585711,0.135412,-1.379777,1.797661,0.730612
69,1783605857.257429,5.0220,5.0802,0.0352,-0.7656,5.0220,-0.017123,-0.586574,0.132577,-1.378061,1.795454,0.732230
70,1783605862.190815,6.0237,6.1005,0.0942,-0.9605,6.0237,-0.017511,-0.588178,0.129077,-1.368651,1.783316,0.740897
71,1783605867.510766,8.3357,8.4778,0.0936,-1.5432,8.3357,-0.018242,-0.590683,0.123691,-1.341103,1.747268,0.766704
72,1783605872.383159,9.7510,9.9157,0.0858,-1.7976,9.7510,-0.018636,-0.592069,0.120615,-1.336635,1.741821,0.770459
73,1783605888.081950,2.5692,2.5806,0.2367,-0.0541,2.5692,0.003497,-0.512863,0.183587,0.000011,3.141537,-0.000274
74,1783605896.983517,3.2850,3.2978,0.2293,-0.1771,3.2850,0.003429,-0.543870,0.175813,-1.999259,1.999162,0.409630
75,1783605903.379202,4.0810,4.1105,0.2079,-0.4461,4.0810,0.003446,-0.562409,0.164868,-1.849906,1.849783,0.619874
76,1783605909.102302,4.2232,4.2679,0.0992,-0.6082,4.2232,0.003400,-0.571437,0.157342,-1.777113,1.777055,0.709188
77,1783605914.411609,3.5260,3.5568,-0.0025,-0.4667,3.5260,0.003442,-0.575989,0.152434,-1.747814,1.747550,0.743094
78,1783605920.003595,4.0602,4.1055,0.0355,-0.6068,4.0602,0.003451,-0.582010,0.145192,-1.687356,1.687134,0.809841
79,1783605925.183982,3.9304,3.9685,0.0647,-0.5449,3.9304,0.003478,-0.585548,0.140754,-1.663593,1.663234,0.835004
80,1783605930.493531,4.4199,4.4688,0.0791,-0.6545,4.4199,0.003440,-0.588320,0.135409,-1.633858,1.633600,0.865297
81,1783605935.633628,5.3190,5.3915,0.1165,-0.8735,5.3190,0.003414,-0.590476,0.131075,-1.613615,1.613472,0.885244
82,1783605940.919816,7.0685,7.1883,0.2236,-1.2877,7.0685,0.003398,-0.593146,0.125680,-1.581946,1.581860,0.915651
83,1783605945.908441,8.0683,8.2052,0.2564,-1.4702,8.0683,0.003396,-0.593649,0.123764,-1.589452,1.589426,0.908554
84,1783605951.159243,10.5081,10.7015,0.3486,-1.9950,10.5081,0.003399,-0.596389,0.118494,-1.559755,1.559722,0.936634
85,1783605966.985506,2.8312,2.8427,0.2151,-0.1385,2.8312,0.004280,-0.512765,0.183505,0.000054,3.141534,-0.000293
86,1783605976.181187,2.8900,2.8937,0.0967,-0.1080,2.8900,0.012347,-0.542755,0.175878,-2.268383,1.740591,0.464524
87,1783605982.239710,3.5241,3.5501,-0.0397,-0.4270,3.5241,0.015777,-0.555574,0.168161,-2.168613,1.664016,0.623357
88,1783605988.125569,3.6661,3.7079,-0.0320,-0.5540,3.6661,0.018603,-0.566097,0.159907,-2.073670,1.591172,0.756697
89,1783605994.115312,4.0782,4.1333,0.0550,-0.6703,4.0782,0.021327,-0.576234,0.149715,-1.962005,1.505475,0.895922
90,1783605998.934604,3.5291,3.5622,0.0452,-0.4823,3.5291,0.021836,-0.578062,0.146884,-1.957628,1.502126,0.901006
91,1783606004.398905,3.7060,3.7432,0.0633,-0.5224,3.7060,0.023030,-0.582553,0.140565,-1.907975,1.463958,0.957460
92,1783606009.350710,3.5979,3.6306,0.0607,-0.4825,3.5979,0.023600,-0.584674,0.137129,-1.895905,1.454766,0.970702
93,1783606014.752990,4.5684,4.6253,0.1176,-0.7136,4.5684,0.024381,-0.587625,0.130928,-1.852791,1.421667,1.016803
94,1783606019.738431,5.0508,5.1145,0.1536,-0.7902,5.0508,0.024659,-0.588657,0.129258,-1.861217,1.428135,1.007888
95,1783606025.150160,7.7667,7.9068,0.3535,-1.4392,7.7667,0.025407,-0.591430,0.122643,-1.812281,1.390581,1.058320
96,1783606030.137858,8.8744,9.0306,0.3802,-1.6286,8.8744,0.025594,-0.592167,0.120715,-1.820956,1.397226,1.049481
97,1783606045.913488,2.9953,3.0073,0.1928,-0.1864,2.9953,0.005030,-0.512474,0.183493,0.000016,3.141545,-0.000333
98,1783606055.393367,2.3490,2.3564,-0.1573,-0.0999,2.3490,0.021123,-0.540242,0.175472,-2.497341,1.441923,0.532851
99,1783606061.785639,3.2502,3.2949,-0.2070,-0.5000,3.2502,0.029640,-0.555028,0.165160,-2.352685,1.358254,0.778769
100,1783606067.096203,3.2574,3.2986,-0.0755,-0.5145,3.2574,0.032763,-0.560312,0.159885,-2.309762,1.333486,0.842849
101,1783606072.756013,3.1969,3.2308,0.0200,-0.4669,3.1969,0.036637,-0.567099,0.152408,-2.232810,1.289330,0.949540
102,1783606078.343887,3.5452,3.5863,0.0661,-0.5372,3.5452,0.039615,-0.572262,0.145150,-2.163479,1.249270,1.038461
103,1783606083.536978,3.4214,3.4563,0.1112,-0.4778,3.4214,0.041279,-0.575072,0.140539,-2.136198,1.233300,1.071738
104,1783606088.806539,3.6403,3.6794,0.1662,-0.5090,3.6403,0.042847,-0.577759,0.135408,-2.101380,1.213376,1.112375
105,1783606093.929171,4.1881,4.2397,0.2085,-0.6260,4.1881,0.043928,-0.579585,0.130959,-2.077008,1.199190,1.140035
106,1783606098.922592,4.5020,4.5567,0.2529,-0.6573,4.5020,0.044140,-0.579972,0.128965,-2.086197,1.204516,1.129798
107,1783606104.325303,6.7119,6.8306,0.3802,-1.2096,6.7119,0.045871,-0.583074,0.122589,-2.033964,1.174439,1.187595
108,1783606109.333222,8.1305,8.2780,0.4178,-1.4987,8.1305,0.046131,-0.583518,0.120572,-2.043178,1.179784,1.177593
109,1783606125.045217,3.1384,3.1537,0.2314,-0.2070,3.1384,0.005672,-0.512003,0.183510,-0.000011,3.141538,-0.000264
110,1783606134.831755,1.9271,1.9523,-0.2833,-0.1319,1.9271,0.028460,-0.534649,0.175495,-2.702583,1.119552,0.576828
111,1783606141.100039,2.7152,2.7629,-0.2613,-0.4398,2.7152,0.040780,-0.546962,0.164819,-2.557331,1.059249,0.856780
112,1783606146.757895,3.1999,3.2517,-0.1077,-0.5683,3.1999,0.047259,-0.553482,0.157403,-2.476626,1.025730,0.988267
113,1783606152.097239,2.9021,2.9329,0.0302,-0.4230,2.9021,0.050307,-0.556552,0.152394,-2.442511,1.011858,1.038880
114,1783606157.829283,3.2775,3.3200,0.0883,-0.5220,3.2775,0.054472,-0.560700,0.145023,-2.372339,0.982577,1.138594
115,1783606162.552799,3.0090,3.0411,0.0901,-0.4312,3.0090,0.056041,-0.562311,0.142079,-2.364357,0.979525,1.148925
116,1783606168.018542,3.1049,3.1361,0.1429,-0.4174,3.1049,0.059146,-0.565383,0.135428,-2.308272,0.956323,1.222142
117,1783606173.145290,3.4540,3.4932,0.1989,-0.4825,3.4540,0.060617,-0.566797,0.131003,-2.283605,0.945946,1.252990
118,1783606177.995573,3.9729,4.0247,0.2618,-0.5880,3.9729,0.061381,-0.567560,0.128032,-2.279119,0.944047,1.258470
119,1783606182.905371,5.6581,5.7635,0.3039,-1.0544,5.6581,0.062311,-0.568519,0.124798,-2.270020,0.940367,1.269757
120,1783606188.302461,7.3447,7.4957,0.3683,-1.4511,7.3447,0.064612,-0.570932,0.118465,-2.217728,0.918970,1.331503
121,1783606203.969932,3.0905,3.1053,0.2376,-0.1887,3.0905,0.006156,-0.511363,0.183471,0.000035,3.141556,-0.000254
122,1783606214.002168,1.9934,2.0224,-0.2598,-0.2206,1.9934,0.038416,-0.529861,0.173307,-2.827425,0.757657,0.718048
123,1783606219.677634,2.4388,2.4837,-0.2297,-0.4101,2.4388,0.046912,-0.534793,0.166737,-2.763667,0.740665,0.860008
124,1783606225.557767,2.8083,2.8482,-0.0401,-0.4739,2.8083,0.056947,-0.540622,0.157197,-2.658233,0.712495,1.060428
125,1783606231.534817,2.9168,2.9568,0.0786,-0.4780,2.9168,0.063069,-0.544180,0.149735,-2.586028,0.692918,1.180943
126,1783606236.528883,2.6530,2.6798,0.0729,-0.3706,2.6530,0.063821,-0.544614,0.147653,-2.594490,0.695178,1.167509
127,1783606241.740367,2.7176,2.7451,0.1190,-0.3694,2.7176,0.068883,-0.547540,0.140546,-2.528366,0.677666,1.268493
128,1783606246.679030,2.5096,2.5312,0.1088,-0.3113,2.5096,0.071285,-0.548833,0.137287,-2.514842,0.673553,1.288241
129,1783606252.067554,2.7551,2.7821,0.1470,-0.3575,2.7551,0.073362,-0.550143,0.131010,-2.468177,0.661705,1.353995
130,1783606257.062667,2.8419,2.8683,0.1836,-0.3422,2.8419,0.073787,-0.550360,0.129039,-2.477118,0.663912,1.341518
131,1783606262.495715,4.7715,4.8552,0.3157,-0.8403,4.7715,0.076840,-0.552100,0.122573,-2.423010,0.648992,1.414862
132,1783606267.561819,6.0087,6.1243,0.4271,-1.1044,6.0087,0.078539,-0.553059,0.118397,-2.401535,0.643654,1.441863
133,1783606282.458458,2.4790,2.4962,0.0148,-0.2919,2.4790,0.022981,-0.515021,0.181767,-3.053045,0.402193,0.410957
134,1783606288.476570,1.7863,1.8146,-0.2452,-0.2050,1.7863,0.037482,-0.518905,0.175433,-2.994526,0.394225,0.639106
135,1783606293.885730,2.1316,2.1672,-0.1902,-0.3420,2.1316,0.049588,-0.522110,0.168313,-2.925259,0.385416,0.844696
136,1783606299.617009,2.4166,2.4522,-0.0429,-0.4143,2.4166,0.060415,-0.525028,0.160512,-2.845860,0.375086,1.037690
137,1783606305.507369,2.8015,2.8409,0.0883,-0.4633,2.8015,0.069891,-0.527588,0.149703,-2.739168,0.360848,1.251302
138,1783606311.036618,2.6592,2.6925,0.1173,-0.4054,2.6592,0.073067,-0.528426,0.145066,-2.711399,0.356936,1.301251
139,1783606315.888517,2.5133,2.5402,0.1203,-0.3486,2.5133,0.076231,-0.529314,0.140458,-2.684734,0.353621,1.346966
140,1783606321.176665,2.1912,2.2087,0.0958,-0.2603,2.1912,0.076933,-0.529486,0.138463,-2.693224,0.354630,1.332638
141,1783606326.435729,2.4151,2.4377,0.1178,-0.3094,2.4151,0.082038,-0.530887,0.131295,-2.626769,0.345774,1.441438
142,1783606331.984850,2.6956,2.7256,0.1968,-0.3523,2.6956,0.083259,-0.531154,0.126733,-2.604061,0.342804,1.475871
143,1783606337.043210,3.0134,3.0508,0.1969,-0.4333,3.0134,0.083680,-0.531271,0.124750,-2.613209,0.343983,1.461913
144,1783606341.655537,4.2637,4.3322,0.2701,-0.7185,4.2637,0.085821,-0.531860,0.120635,-2.591778,0.340865,1.494391
145,1783606356.638019,2.3984,2.4133,0.0179,-0.2675,2.3984,0.023751,-0.509743,0.181752,-3.113354,-0.000039,0.419037
146,1783606362.763646,1.9460,1.9701,-0.1945,-0.2385,1.9460,0.043658,-0.509754,0.173085,-3.044630,-0.000088,0.773404
147,1783606368.477075,2.3235,2.3634,-0.1554,-0.4038,2.3235,0.056187,-0.509792,0.165035,2.978923,-0.000125,-0.997223
148,1783606374.030260,2.6517,2.6963,-0.0199,-0.4880,2.6517,0.065099,-0.509806,0.157326,2.918064,-0.000113,-1.163773
149,1783606379.543570,2.7237,2.7654,0.1067,-0.4665,2.7237,0.072347,-0.509789,0.149850,2.857745,-0.000356,-1.304691
150,1783606384.516725,2.4151,2.4425,0.1000,-0.3507,2.4151,0.073212,-0.509824,0.147816,2.864874,-0.000474,-1.288467
151,1783606390.056281,2.6121,2.6472,0.1212,-0.4116,2.6121,0.078789,-0.509823,0.140608,2.807734,-0.000088,-1.408687
152,1783606395.285259,2.4473,2.4750,0.1427,-0.3405,2.4473,0.082007,-0.509781,0.135432,-2.776561,0.000194,1.469680
153,1783606400.437668,2.4051,2.4317,0.1308,-0.3338,2.4051,0.084193,-0.509774,0.131099,-2.754117,-0.000114,1.511228
154,1783606405.282252,2.5312,2.5597,0.1560,-0.3478,2.5312,0.085263,-0.509781,0.128108,-2.750194,0.000117,1.518453
155,1783606410.856173,3.3218,3.3733,0.2143,-0.5467,3.3218,0.087961,-0.509795,0.122548,-2.712895,-0.000131,1.584135
156,1783606415.641613,4.1437,4.2295,0.0355,-0.8469,4.1437,0.088605,-0.509790,0.120547,2.721701,-0.000369,-1.568839
157,1783606430.781351,2.9381,2.9510,0.1564,-0.2280,2.9381,0.006458,-0.509003,0.183647,-0.000002,3.141510,-0.000560
158,1783606441.708597,1.6204,1.6388,-0.1965,-0.1462,1.6204,0.037666,-0.500598,0.175672,2.994607,0.394326,-0.639328
159,1783606447.738202,2.1637,2.1944,-0.1259,-0.3434,2.1637,0.051830,-0.496863,0.166649,2.902910,0.381914,-0.903052
160,1783606453.660771,2.5163,2.5526,0.0252,-0.4284,2.5163,0.063073,-0.493824,0.157325,2.807203,0.369749,-1.119860
161,1783606459.094784,2.7292,2.7718,0.0684,-0.4792,2.7292,0.069998,-0.491992,0.149854,2.739279,0.360312,-1.250680
162,1783606464.295267,2.7950,2.8358,0.1283,-0.4614,2.7950,0.073106,-0.491161,0.145175,2.711419,0.357247,-1.300869
163,1783606469.627898,2.8032,2.8435,0.1532,-0.4518,2.8032,0.077296,-0.490030,0.139280,2.666627,0.350927,-1.376830
164,1783606474.719909,2.7264,2.7632,0.1753,-0.4136,2.7264,0.079276,-0.489513,0.135451,2.650571,0.348634,-1.403104
165,1783606479.698924,2.5378,2.5657,0.1330,-0.3535,2.5378,0.079710,-0.489393,0.133397,2.659431,0.350333,-1.389116
166,1783606485.145510,3.3908,3.4475,0.1679,-0.5993,3.3908,0.083909,-0.488230,0.126969,2.603963,0.342841,-1.475932
167,1783606490.151741,3.5795,3.6406,0.1545,-0.6462,3.5795,0.083700,-0.488338,0.124812,2.613470,0.343881,-1.461521
168,1783606495.608157,4.6038,4.6977,0.2001,-0.9127,4.6038,0.087234,-0.487360,0.118508,2.561970,0.337649,-1.538036
169,1783606516.938750,2.5795,2.5875,0.0630,-0.1930,2.5795,0.006150,-0.508266,0.183609,0.000031,3.141534,-0.000516
170,1783606527.483907,2.0178,2.0334,-0.0951,-0.2331,2.0178,0.034016,-0.492239,0.175547,2.869478,0.768549,-0.612603
171,1783606533.328069,2.1996,2.2213,-0.0249,-0.3092,2.1996,0.044591,-0.486098,0.168422,2.790780,0.747242,-0.801694
172,1783606539.403415,2.6072,2.6383,0.0764,-0.3969,2.6072,0.056877,-0.478981,0.157330,2.658429,0.711928,-1.060709
173,1783606545.033920,2.7111,2.7471,0.1440,-0.4196,2.7111,0.063074,-0.475410,0.149793,2.585923,0.692846,-1.180939
174,1783606550.291965,2.8627,2.9018,0.1943,-0.4331,2.8627,0.065847,-0.473764,0.145048,2.556488,0.685598,-1.227248
175,1783606555.446339,2.7851,2.8196,0.2181,-0.3814,2.7851,0.068645,-0.472123,0.140465,2.528572,0.677828,-1.268876
176,1783606560.738205,2.8686,2.9060,0.2407,-0.3978,2.8686,0.071399,-0.470539,0.135322,2.492907,0.668194,-1.320003
177,1783606565.920702,3.0346,3.0759,0.2649,-0.4264,3.0346,0.073305,-0.469459,0.130953,2.468144,0.661256,-1.354219
178,1783606570.986946,3.4014,3.4523,0.3247,-0.4935,3.4014,0.074991,-0.468466,0.126725,2.444996,0.655189,-1.385629
179,1783606576.038289,4.1947,4.2686,0.3791,-0.6941,4.1947,0.076918,-0.467314,0.122651,2.422984,0.648898,-1.414689
180,1783606580.940926,4.7088,4.7933,0.4063,-0.7990,4.7088,0.077172,-0.467168,0.120553,2.432677,0.652118,-1.402413
181,1783606601.620088,2.3950,2.4017,-0.0203,-0.1769,2.3950,0.005673,-0.507665,0.183848,0.000025,3.141503,-0.000498
182,1783606611.752734,2.0653,2.0745,0.0177,-0.1954,2.0653,0.028455,-0.484869,0.175619,2.702463,1.119412,-0.577268
183,1783606617.587603,2.2038,2.2179,0.0951,-0.2309,2.2038,0.036977,-0.476205,0.168304,2.616285,1.083330,-0.751796
184,1783606623.655506,2.6309,2.6603,0.2066,-0.3362,2.6309,0.047079,-0.466117,0.157310,2.476787,1.026281,-0.988637
185,1783606629.340002,2.8171,2.8560,0.2403,-0.4042,2.8171,0.052111,-0.461165,0.149784,2.402290,0.994966,-1.097126
186,1783606634.552643,2.8618,2.8992,0.2679,-0.3787,2.8618,0.054413,-0.458867,0.145050,2.372214,0.982479,-1.138730
187,1783606639.759716,3.0519,3.0969,0.3150,-0.4215,3.0519,0.056771,-0.456496,0.140576,2.344074,0.970889,-1.176407
188,1783606645.077631,3.0121,3.0549,0.3377,-0.3817,3.0121,0.058920,-0.454278,0.135334,2.308441,0.956095,-1.222547
189,1783606650.231659,3.2089,3.2565,0.3803,-0.4036,3.2089,0.060467,-0.452768,0.131004,2.283602,0.945675,-1.253213
190,1783606655.403269,3.6137,3.6720,0.4355,-0.4855,3.6137,0.062192,-0.451139,0.126840,2.260512,0.936883,-1.281524
191,1783606660.349784,3.5775,3.6317,0.4352,-0.4483,3.5775,0.062209,-0.451068,0.124747,2.269937,0.940462,-1.269964
192,1783606665.737150,4.8854,4.9761,0.5230,-0.7877,4.8854,0.064616,-0.448647,0.118446,2.217684,0.918465,-1.331403
193,1783606685.668252,2.1085,2.1162,-0.1130,-0.1404,2.1085,0.005039,-0.507186,0.183619,-0.000012,3.141517,-0.000410
194,1783606695.332264,1.8903,1.8947,0.0819,-0.1010,1.8903,0.018393,-0.483896,0.177488,2.545921,1.469907,-0.437483
195,1783606701.874067,2.4868,2.5090,0.2104,-0.2583,2.4868,0.029655,-0.464452,0.165316,2.352707,1.358798,-0.779030
196,1783606707.785427,2.7971,2.8341,0.3034,-0.3415,2.7971,0.034275,-0.456330,0.157398,2.266488,1.308196,-0.904361
197,1783606713.248532,2.5443,2.5783,0.3301,-0.2545,2.5443,0.036557,-0.452432,0.152416,2.233048,1.289696,-0.949920
198,1783606719.073269,3.0743,3.1214,0.3831,-0.3809,3.0743,0.039475,-0.447364,0.145076,2.163681,1.248879,-1.038496
199,1783606724.481360,3.0255,3.0731,0.3996,-0.3614,3.0255,0.041121,-0.444534,0.140513,2.136015,1.233189,-1.071912
200,1783606729.679053,2.7803,2.8202,0.3809,-0.2792,2.7803,0.042195,-0.442820,0.136922,2.122826,1.226217,-1.087665
201,1783606735.340229,3.2675,3.3210,0.4446,-0.3932,3.2675,0.043865,-0.439895,0.131094,2.077295,1.199162,-1.139749
202,1783606740.718446,3.6047,3.6657,0.4871,-0.4542,3.6047,0.044769,-0.438256,0.126786,2.054871,1.186604,-1.164841
203,1783606746.087392,4.2478,4.3235,0.5346,-0.6027,4.2478,0.045722,-0.436665,0.122543,2.034053,1.174340,-1.187731
204,1783606750.999424,4.9053,4.9953,0.5237,-0.7858,4.9053,0.046067,-0.435991,0.120617,2.042968,1.179538,-1.177971
205,1783606770.265187,1.6904,1.7018,-0.1855,-0.0644,1.6904,0.004297,-0.506862,0.183524,0.000028,3.141546,-0.000211
206,1783606779.508275,2.0788,2.0899,0.1899,-0.1018,2.0788,0.012562,-0.475653,0.175631,2.258080,1.732388,-0.482344
207,1783606786.061053,2.4616,2.4847,0.2483,-0.2304,2.4616,0.017161,-0.458937,0.164949,2.110581,1.619141,-0.706808
208,1783606791.644704,2.3309,2.3611,0.3319,-0.1772,2.3309,0.018631,-0.453320,0.160116,2.073974,1.591298,-0.756547
209,1783606797.971316,2.5418,2.5800,0.3714,-0.2403,2.5418,0.020802,-0.445241,0.151759,1.990754,1.527729,-0.861830
210,1783606803.149575,2.6236,2.6634,0.4075,-0.2107,2.6236,0.021532,-0.442469,0.147717,1.970054,1.511535,-0.886511
211,1783606809.707086,3.0297,3.0822,0.4513,-0.3420,3.0297,0.022983,-0.437066,0.140496,1.907990,1.464065,-0.957392
212,1783606814.328327,2.9604,3.0096,0.4614,-0.2844,2.9604,0.023513,-0.435019,0.137055,1.895633,1.454341,-0.971007
213,1783606821.139822,3.2631,3.3254,0.5161,-0.3794,3.2631,0.024349,-0.431898,0.131038,1.852879,1.421656,-1.016726
214,1783606824.998765,3.1581,3.2125,0.5202,-0.2761,3.1581,0.024460,-0.431528,0.128963,1.861429,1.428336,-1.007972
215,1783606830.460698,3.9756,4.0453,0.5556,-0.5005,3.9756,0.024987,-0.429636,0.124739,1.840501,1.412363,-1.029777
216,1783606836.035297,5.5732,5.6835,0.6208,-0.9253,5.5732,0.025669,-0.426846,0.119383,1.805261,1.384874,-1.065547
217,1783606854.786012,1.2895,1.3144,-0.2541,0.0170,1.2895,0.003493,-0.506757,0.183548,0.000072,3.141554,-0.000270
218,1783606863.616519,2.0287,2.0425,0.2242,-0.0749,2.0287,0.003513,-0.474530,0.175583,1.989383,1.989099,-0.424950
219,1783606869.839421,1.8864,1.9099,0.2982,-0.0188,1.8864,0.003497,-0.462112,0.168269,1.902933,1.902547,-0.549833
220,1783606876.051594,2.0984,2.1295,0.3538,-0.0798,2.0984,0.003473,-0.451224,0.160202,1.815917,1.815845,-0.662474
221,1783606882.477239,2.8950,2.9443,0.4436,-0.3014,2.8950,0.003531,-0.440993,0.149835,1.712562,1.712661,-0.782229
222,1783606888.006830,2.9680,3.0221,0.5004,-0.2721,2.9680,0.003480,-0.437693,0.145102,1.687598,1.687083,-0.809788
223,1783606892.910177,2.4469,2.4966,0.4846,-0.1045,2.4469,0.003468,-0.436618,0.142971,1.695016,1.694751,-0.801972
224,1783606898.913313,3.1564,3.2159,0.5267,-0.3185,3.1564,0.003527,-0.431330,0.135375,1.633818,1.633752,-0.865230
225,1783606904.340436,3.2050,3.2641,0.5396,-0.3019,3.2050,0.003510,-0.429154,0.131023,1.613364,1.613251,-0.885208
226,1783606909.747045,3.9527,4.0297,0.6326,-0.4626,3.9527,0.003475,-0.426759,0.126941,1.594647,1.594156,-0.903721
227,1783606915.196384,4.7691,4.8633,0.6499,-0.6962,4.7691,0.003524,-0.425359,0.122612,1.576641,1.576396,-0.920827
228,1783606920.020663,5.0324,5.1274,0.6381,-0.7469,5.0324,0.003521,-0.424715,0.120575,1.584485,1.584352,-0.913440
229,1783606938.407357,1.4931,1.4966,-0.0925,0.0432,1.4931,0.002921,-0.507644,0.183723,0.000006,3.141510,-0.000464
230,1783606946.853977,1.7349,1.7501,0.2280,0.0325,1.7349,-0.005361,-0.476798,0.175894,1.704625,2.221541,-0.349121
231,1783606954.239294,1.6169,1.6424,0.2860,0.0354,1.6169,-0.008847,-0.463738,0.168332,1.617299,2.107718,-0.467317
232,1783606960.484524,2.0044,2.0414,0.3825,-0.0599,2.0044,-0.011608,-0.453414,0.160008,1.539647,2.006565,-0.561735
233,1783606965.563239,2.3203,2.3636,0.4380,-0.1059,2.3203,-0.013832,-0.445178,0.151867,1.471774,1.918213,-0.637136
234,1783606971.420642,2.6969,2.7508,0.5053,-0.1953,2.6969,-0.015307,-0.439778,0.145319,1.426282,1.858808,-0.684553
235,1783606977.006026,2.8495,2.9079,0.5408,-0.2096,2.8495,-0.016033,-0.437078,0.140459,1.405595,1.831798,-0.705170
236,1783606982.176275,2.6618,2.7246,0.5665,-0.1312,2.6618,-0.016515,-0.435314,0.137156,1.398441,1.822446,-0.712230
237,1783606987.493058,2.9196,2.9842,0.5927,-0.1733,2.9196,-0.016966,-0.433581,0.133381,1.386022,1.806300,-0.724216
238,1783606993.334729,4.0405,4.1237,0.6714,-0.4777,4.0405,-0.017912,-0.430028,0.126811,1.345151,1.753064,-0.762614
239,1783606998.447680,4.5537,4.6451,0.7053,-0.5861,4.5537,-0.018223,-0.428880,0.123678,1.340791,1.747346,-0.766674
240,1783607004.005965,5.8141,5.9351,0.7509,-0.9262,5.8141,-0.018901,-0.426300,0.118472,1.315115,1.713880,-0.789706
241,1783607023.601006,1.9934,1.9963,0.0711,-0.0811,1.9934,0.001738,-0.506829,0.183618,1.557118,2.697091,-0.024603
242,1783607030.371105,1.2915,1.3141,0.1745,0.1684,1.2915,-0.011549,-0.483720,0.177865,1.418310,2.457063,-0.243357
243,1783607037.998481,1.3687,1.4013,0.2794,0.1110,1.3687,-0.020332,-0.468502,0.168327,1.314320,2.276552,-0.379900
244,1783607044.184380,1.6002,1.6375,0.3420,0.0617,1.6002,-0.025681,-0.459246,0.160039,1.248962,2.163232,-0.455461
245,1783607049.141211,1.9539,1.9945,0.4003,0.0002,1.9539,-0.029617,-0.452425,0.152477,1.197991,2.075630,-0.509410
246,1783607055.912654,2.1958,2.2385,0.4272,-0.0825,2.1958,-0.031782,-0.448671,0.146832,1.169575,2.025753,-0.538521
247,1783607061.684626,2.6270,2.6755,0.4653,-0.2012,2.6270,-0.034143,-0.444546,0.140534,1.136603,1.968809,-0.570309
248,1783607066.234619,2.8578,2.9129,0.5221,-0.2123,2.8578,-0.035733,-0.441829,0.135354,1.114967,1.931691,-0.590240
249,1783607071.190873,2.9877,3.0444,0.5501,-0.1980,2.9877,-0.036288,-0.440831,0.132636,1.113462,1.929165,-0.591612
250,1783607076.639921,3.6703,3.7365,0.6000,-0.3605,3.6703,-0.037365,-0.439056,0.128035,1.097745,1.901648,-0.606147
251,1783607082.080215,4.6636,4.7507,0.6676,-0.6118,4.6636,-0.038436,-0.437238,0.123656,1.083001,1.876013,-0.619308
252,1783607087.137013,5.1997,5.2895,0.6820,-0.6905,5.1997,-0.039067,-0.436082,0.120588,1.079449,1.869764,-0.622431
253,1783607106.228003,-0.8682,0.9672,-0.3131,0.2895,-0.8682,0.001315,-0.507602,0.190439,0.000028,3.141533,-0.000425
254,1783607112.387227,1.4937,1.5041,0.1531,0.0870,1.4937,-0.021423,-0.484846,0.175474,1.050067,2.535293,-0.224214
255,1783607119.521940,1.0696,1.1059,0.2157,0.1800,1.0696,-0.030216,-0.476072,0.168392,0.997604,2.408565,-0.288471
256,1783607124.487439,1.1617,1.2020,0.2450,0.1879,1.1617,-0.037924,-0.468333,0.160278,0.946264,2.284838,-0.345261
257,1783607131.522531,1.5327,1.5627,0.2995,0.0583,1.5327,-0.043299,-0.462988,0.152436,0.907136,2.190058,-0.385701
258,1783607136.082779,1.8793,1.9174,0.3779,0.0419,1.8793,-0.046474,-0.459837,0.146836,0.885009,2.136521,-0.407754
259,1783607141.962416,2.8745,2.9192,0.4343,-0.2650,2.8745,-0.050602,-0.455665,0.139361,0.850737,2.053708,-0.439361
260,1783607146.789751,2.5856,2.6245,0.4241,-0.1503,2.5856,-0.051165,-0.455107,0.136998,0.852788,2.059916,-0.437165
261,1783607153.519357,3.4359,3.4926,0.4678,-0.4166,3.4359,-0.053547,-0.452732,0.131029,0.831571,2.007725,-0.456319
262,1783607157.811457,4.2519,4.3210,0.5322,-0.5568,4.2519,-0.055023,-0.451332,0.126813,0.821033,1.982557,-0.465960
263,1783607162.873362,5.0272,5.1092,0.5416,-0.7336,5.0272,-0.055797,-0.450522,0.123745,0.818230,1.975428,-0.467954
264,1783607167.924554,5.4238,5.5017,0.5575,-0.7354,5.4238,-0.056686,-0.449573,0.120650,0.815582,1.968720,-0.470016
265,1783607186.659996,-0.8753,0.9711,-0.2561,0.3333,-0.8753,0.000820,-0.508243,0.189918,0.000051,3.141534,-0.000305
266,1783607192.164694,1.5240,1.5294,0.1074,0.0714,1.5240,-0.026944,-0.492233,0.175521,0.706713,2.638098,-0.151168
267,1783607197.995615,0.7823,0.8378,0.0997,0.2828,0.7823,-0.037803,-0.485978,0.168274,0.671068,2.503221,-0.193717
268,1783607203.268456,-0.4261,0.6165,0.0617,0.4412,-0.4261,-0.046806,-0.480725,0.166727,0.653814,2.440912,-0.212462
269,1783607210.616814,1.3164,1.3333,0.1940,0.0842,1.3164,-0.053848,-0.476673,0.152518,0.608574,2.271893,-0.259103
270,1783607216.137203,1.6868,1.7044,0.2440,-0.0088,1.6868,-0.057781,-0.474413,0.147028,0.593323,2.215402,-0.273750
271,1783607220.383468,1.7309,1.7476,0.2407,0.0141,1.7309,-0.061389,-0.472286,0.142381,0.582276,2.175306,-0.283488
272,1783607226.150898,2.1345,2.1535,0.2720,-0.0882,2.1345,-0.063263,-0.471238,0.137182,0.573204,2.139310,-0.292032
273,1783607232.210826,2.9038,2.9391,0.3589,-0.2791,2.9038,-0.065449,-0.469984,0.132646,0.564334,2.105988,-0.299875
274,1783607236.451133,3.9308,3.9814,0.4096,-0.4822,3.9308,-0.067478,-0.468805,0.128184,0.555691,2.075145,-0.307536
275,1783607242.341636,4.8514,4.9181,0.4167,-0.6917,4.8514,-0.069016,-0.467912,0.123662,0.548297,2.046406,-0.313513
276,1783607247.874261,5.5610,5.6387,0.4558,-0.8139,5.5610,-0.070162,-0.467264,0.120590,0.546348,2.039411,-0.315169
277,1783607265.033872,-0.8426,0.9322,-0.1893,0.3510,-0.8426,0.000538,-0.509025,0.191332,-0.000033,3.141495,-0.000585
278,1783607270.111329,0.9381,0.9646,-0.0274,0.2231,0.9381,-0.023482,-0.502568,0.178101,0.369490,2.806906,-0.058732
279,1783607276.356159,0.8999,0.9296,0.0191,0.2320,0.8999,-0.042507,-0.497456,0.168351,0.337065,2.559960,-0.097520
280,1783607282.197034,1.0475,1.0644,0.0671,0.1762,1.0475,-0.052904,-0.494737,0.160152,0.319118,2.424267,-0.116937
281,1783607287.967954,1.5317,1.5356,0.1068,0.0264,1.5317,-0.061016,-0.492529,0.151883,0.304092,2.308179,-0.131371
282,1783607293.595618,2.6502,2.6716,0.1811,-0.2854,2.6502,-0.066967,-0.490941,0.144025,0.290924,2.210320,-0.143681
283,1783607298.590234,2.2549,2.2661,0.1580,-0.1606,2.2549,-0.069197,-0.490334,0.140562,0.289442,2.196157,-0.144855
284,1783607303.532759,2.1952,2.2052,0.1771,-0.1120,2.1952,-0.071003,-0.489876,0.137241,0.287770,2.184402,-0.146655
285,1783607308.711666,2.9836,3.0047,0.1829,-0.3049,2.9836,-0.073242,-0.489241,0.132573,0.283521,2.149975,-0.149867
286,1783607313.893600,4.3746,4.4271,0.3159,-0.6021,4.3746,-0.075365,-0.488679,0.128170,0.278709,2.117999,-0.154214
287,1783607319.053158,5.3780,5.4484,0.3785,-0.7868,5.3780,-0.077446,-0.488132,0.123693,0.275088,2.088621,-0.157376
288,1783607323.930516,6.2160,6.2864,0.4112,-0.8432,6.2160,-0.078676,-0.487794,0.120628,0.274132,2.081564,-0.158074
