press,t_peak,peak_Fz,peak_Fmag,Fx,Fy,Fz,x,y,z,rx,ry,rz
1,1783594973.487332,2.3182,2.3252,0.0758,-0.1635,2.3182,-0.012640,-0.510167,0.181951,-0.000194,2.960698,-0.000351
2,1783594979.635994,1.2072,1.2288,-0.0371,0.2263,1.2072,-0.033037,-0.510208,0.175031,0.000113,2.737435,-0.000429
3,1783594986.130011,2.1710,2.1716,0.0290,-0.0422,2.1710,-0.055303,-0.510159,0.160253,-0.000038,2.430854,0.000018
4,1783594991.407550,2.0990,2.0992,-0.0228,0.0161,2.0990,-0.060514,-0.510151,0.154889,0.000193,2.382412,-0.000220
5,1783594997.017641,2.5644,2.5661,-0.0181,-0.0923,2.5644,-0.067667,-0.510161,0.146855,0.000007,2.284914,-0.000380
6,1783595002.383613,2.8707,2.8762,-0.0478,-0.1707,2.8707,-0.072159,-0.510137,0.140515,0.000544,2.225867,0.000263
7,1783595007.896164,3.6037,3.6213,-0.0332,-0.3551,3.6037,-0.077249,-0.510164,0.132604,0.000092,2.142880,0.000110
8,1783595012.817596,3.7585,3.7761,-0.0472,-0.3618,3.7585,-0.078173,-0.510164,0.130151,0.000104,2.153950,-0.000041
9,1783595018.186333,4.6201,4.6573,0.0099,-0.5876,4.6201,-0.083919,-0.510189,0.123282,-0.000162,2.080940,-0.000344
10,1783595023.185480,5.3859,5.4161,-0.0568,-0.5681,5.3859,-0.082567,-0.510155,0.120191,0.000303,2.092037,0.000109
11,1783595028.574326,6.6307,6.6449,0.0458,-0.4324,6.6307,-0.085678,-0.510214,0.113135,-0.000476,2.027319,-0.000574
12,1783595034.119588,-4.8485,6.5467,-0.9140,4.3031,-4.8485,-0.086761,-0.510152,0.109771,-0.000005,2.025708,-0.000063
13,1783595048.356560,2.0763,2.0778,0.0052,-0.0798,2.0763,-0.012156,-0.514006,0.181963,-0.386810,2.936755,0.034695
14,1783595054.483459,1.0523,1.0893,-0.1229,0.2533,1.0523,-0.031629,-0.519208,0.174650,-0.357762,2.716618,0.073105
15,1783595060.646080,1.5371,1.5487,-0.1239,0.1425,1.5371,-0.049490,-0.524000,0.163370,-0.326974,2.484476,0.108103
16,1783595066.292730,2.2241,2.2271,-0.1142,-0.0089,2.2241,-0.058375,-0.526377,0.154962,-0.311720,2.365743,0.124006
17,1783595071.814624,2.6453,2.6508,-0.1267,-0.1159,2.6453,-0.065351,-0.528266,0.146903,-0.299118,2.269134,0.135927
18,1783595078.205436,3.1286,3.1399,-0.0760,-0.2540,3.1286,-0.069554,-0.529374,0.140487,-0.291004,2.210507,0.143440
19,1783595083.406751,3.3778,3.3940,-0.1086,-0.3127,3.3778,-0.072668,-0.530213,0.135220,-0.286134,2.173400,0.147756
20,1783595088.181801,4.2059,4.2402,-0.1442,-0.5187,4.2059,-0.077162,-0.531419,0.127544,-0.276018,2.096243,0.156300
21,1783595093.310180,5.2686,5.3220,-0.1455,-0.7376,5.2686,-0.079113,-0.531952,0.122587,-0.272175,2.066813,0.159577
22,1783595099.289995,6.2781,6.3411,-0.0698,-0.8887,6.2781,-0.081126,-0.532500,0.117814,-0.268565,2.039353,0.162417
23,1783595104.470458,6.4779,6.4954,-0.0809,-0.4691,6.4779,-0.082837,-0.532935,0.113061,-0.265066,2.013622,0.165150
24,1783595108.924921,-5.0455,7.2804,-0.5658,5.2179,-5.0455,-0.084491,-0.533391,0.108284,-0.261849,1.989246,0.167784
25,1783595123.822837,0.5946,0.8698,0.2494,0.5838,0.5946,-0.001097,-0.512079,0.182781,0.000028,3.141548,-0.000449
26,1783595131.307707,1.6934,1.6973,-0.0953,0.0644,1.6934,-0.033387,-0.530687,0.171860,-0.687476,2.565276,0.174565
27,1783595136.990833,1.5558,1.5700,-0.1756,0.1163,1.5558,-0.044144,-0.536902,0.163435,-0.651535,2.430104,0.215506
28,1783595143.294560,2.7372,2.7510,-0.1531,-0.2285,2.7372,-0.055126,-0.543239,0.151450,-0.602636,2.248960,0.264805
29,1783595149.145961,2.8731,2.8874,-0.1254,-0.2580,2.8731,-0.058376,-0.545157,0.146970,-0.595331,2.221479,0.271669
30,1783595153.261530,3.0945,3.1101,-0.2057,-0.2344,3.0945,-0.061386,-0.546879,0.141637,-0.585664,2.184800,0.280772
31,1783595160.059007,4.1700,4.2137,-0.1229,-0.5927,4.1700,-0.066671,-0.549918,0.132668,-0.558625,2.084656,0.304801
32,1783595163.963715,4.4175,4.4603,-0.2303,-0.5716,4.4175,-0.068509,-0.550961,0.128540,-0.554854,2.069455,0.308521
33,1783595169.284619,5.7873,5.8582,-0.1996,-0.8867,5.7873,-0.071107,-0.552446,0.122718,-0.542622,2.025137,0.318037
34,1783595174.455366,7.6092,7.6959,-0.1027,-1.1470,7.6092,-0.072661,-0.553357,0.117865,-0.535381,1.998436,0.324410
35,1783595179.565683,7.9745,7.9959,-0.0164,-0.5840,7.9745,-0.074407,-0.554464,0.113234,-0.529029,1.973111,0.328586
36,1783595185.520096,-7.0458,9.5526,-0.9533,6.3796,-7.0458,-0.074905,-0.554651,0.109772,-0.528314,1.971961,0.329803
37,1783595199.646606,1.1550,1.3193,0.4049,0.4925,1.1550,-0.000500,-0.512841,0.182601,0.000009,3.141533,-0.000318
38,1783595207.492757,1.4124,1.4221,-0.1031,0.1301,1.4124,-0.023359,-0.535713,0.174248,-1.050601,2.535463,0.224196
39,1783595213.909438,1.7584,1.7642,-0.1264,0.0692,1.7584,-0.035608,-0.547926,0.163300,-0.969082,2.339516,0.320684
40,1783595220.447346,2.5784,2.5842,-0.0569,-0.1638,2.5784,-0.042413,-0.554809,0.154659,-0.921608,2.224544,0.371110
41,1783595224.948793,3.2256,3.2392,-0.0677,-0.2890,3.2256,-0.047320,-0.559720,0.147033,-0.887172,2.142211,0.404956
42,1783595231.462684,3.6654,3.6887,0.0138,-0.4138,3.6654,-0.050373,-0.562712,0.140533,-0.864941,2.088251,0.426346
43,1783595235.973671,4.6522,4.6981,-0.1079,-0.6459,4.6522,-0.054060,-0.566353,0.132684,-0.833190,2.012099,0.454695
44,1783595240.941237,5.0985,5.1495,-0.1016,-0.7162,5.0985,-0.055551,-0.567795,0.128514,-0.827420,1.997477,0.460031
45,1783595246.255395,6.9400,7.0253,-0.0210,-1.0911,6.9400,-0.057748,-0.570108,0.122819,-0.809807,1.954983,0.474489
46,1783595251.293131,7.4217,7.4882,-0.1213,-0.9877,7.4217,-0.057832,-0.570162,0.120169,-0.814302,1.965581,0.471517
47,1783595256.760845,6.9416,6.9456,-0.1833,0.1472,6.9416,-0.060204,-0.572423,0.113094,-0.789530,1.905800,0.491692
48,1783595262.700313,-9.2732,12.6274,0.1873,8.5687,-9.2732,-0.060775,-0.573141,0.109752,-0.788816,1.904446,0.492395
49,1783595277.120058,1.7290,1.8581,0.5559,0.3926,1.7290,0.000270,-0.513429,0.182557,-0.000025,3.141578,-0.000232
50,1783595285.337497,1.3946,1.4058,-0.1044,0.1427,1.3946,-0.015337,-0.540486,0.174652,-1.389347,2.405520,0.284371
51,1783595292.951583,2.5319,2.5386,0.0024,-0.1851,2.5319,-0.026603,-0.560113,0.160503,-1.243846,2.154091,0.460952
52,1783595297.445892,2.6292,2.6350,-0.0958,-0.1459,2.6292,-0.029155,-0.564367,0.154834,-1.220142,2.113258,0.486687
53,1783595303.936507,3.3287,3.3445,0.0268,-0.3233,3.3287,-0.032740,-0.570707,0.146947,-1.172706,2.031022,0.535400
54,1783595308.426604,4.0729,4.1003,-0.0626,-0.4698,4.0729,-0.035602,-0.575609,0.139168,-1.131707,1.959307,0.575234
55,1783595313.699631,4.7907,4.8329,-0.0562,-0.6343,4.7907,-0.037513,-0.578740,0.133645,-1.109902,1.921988,0.595186
56,1783595318.860915,5.6218,5.6820,-0.0743,-0.8213,5.6218,-0.038991,-0.581497,0.128860,-1.095124,1.896357,0.608522
57,1783595323.982564,6.9502,7.0319,-0.0947,-1.0648,6.9502,-0.039636,-0.582597,0.123767,-1.081698,1.872993,0.620794
58,1783595329.054441,8.6458,8.7328,-0.0136,-1.2296,8.6458,-0.040727,-0.584489,0.119208,-1.068914,1.850773,0.632008
59,1783595334.320131,6.2952,6.3304,-0.4929,0.4477,6.2952,-0.042296,-0.587006,0.113310,-1.045329,1.811103,0.651085
60,1783595340.306036,-14.9102,18.1372,-2.0944,10.1122,-14.9102,-0.042287,-0.587139,0.109782,-1.044744,1.809583,0.652105
61,1783595354.902182,2.3093,2.4107,0.6369,0.2694,2.3093,0.001174,-0.513815,0.182777,0.000020,3.141530,-0.000337
62,1783595363.810276,1.9716,1.9752,-0.1003,-0.0638,1.9716,-0.008451,-0.549722,0.171674,-1.653479,2.154820,0.420027
63,1783595370.235376,2.1807,2.1849,-0.1116,-0.0760,2.1807,-0.011761,-0.562101,0.162997,-1.570166,2.046188,0.525846
64,1783595376.310272,2.6279,2.6343,-0.0667,-0.1712,2.6279,-0.014055,-0.570598,0.154813,-1.505408,1.961887,0.600613
65,1783595381.348046,3.2060,3.2223,-0.1406,-0.2914,3.2060,-0.015906,-0.577525,0.146771,-1.448640,1.887913,0.661591
66,1783595386.292620,3.9464,3.9695,-0.1201,-0.4098,3.9464,-0.017138,-0.581987,0.140526,-1.414079,1.842498,0.697036
67,1783595391.509634,4.8736,4.9158,-0.0951,-0.6359,4.8736,-0.017977,-0.585127,0.135347,-1.392103,1.813481,0.718969
68,1783595396.903354,5.8383,5.9024,-0.0133,-0.8674,5.8383,-0.019103,-0.589482,0.128774,-1.355082,1.765969,0.753039
69,1783595402.051291,7.5398,7.6344,-0.0282,-1.1983,7.5398,-0.019572,-0.590841,0.123810,-1.338922,1.744692,0.768421
70,1783595407.340982,9.0470,9.1461,-0.1012,-1.3388,9.0470,-0.020254,-0.593492,0.117799,-1.311402,1.708479,0.793234
71,1783595412.070149,6.3752,6.4134,-0.6748,-0.1816,6.3752,-0.021003,-0.596603,0.115072,-1.308632,1.705315,0.795594
72,1783595418.325129,-13.8963,17.0281,-3.6120,9.1544,-13.8963,-0.020867,-0.596162,0.109741,-1.294351,1.686862,0.807929
73,1783595433.048373,2.8425,2.9377,0.7231,0.1644,2.8425,0.002147,-0.513943,0.182648,0.000059,3.141570,-0.000400
74,1783595442.498000,1.8589,1.8643,-0.1304,-0.0548,1.8589,0.002145,-0.551113,0.171684,-1.942895,1.942882,0.493523
75,1783595448.423753,2.1804,2.1868,-0.1360,-0.0982,2.1804,0.002171,-0.563952,0.162990,-1.850103,1.849993,0.619479
76,1783595453.698525,2.6632,2.6738,-0.1650,-0.1707,2.6632,0.002113,-0.573242,0.154585,-1.772638,1.772509,0.714410
77,1783595459.331195,3.3876,3.4047,-0.1138,-0.3212,3.3876,0.002111,-0.579926,0.146791,-1.712747,1.712474,0.782457
78,1783595464.562697,3.8798,3.9005,-0.0859,-0.3923,3.8798,0.002104,-0.583431,0.141627,-1.687252,1.687103,0.809956
79,1783595470.148750,5.1229,5.1734,-0.0514,-0.7193,5.1229,0.002041,-0.589170,0.133517,-1.626509,1.626302,0.872483
80,1783595475.432117,6.2496,6.3263,-0.0074,-0.9817,6.2496,0.002067,-0.592449,0.127619,-1.594627,1.594573,0.903665
81,1783595480.568541,7.7944,7.8955,0.0274,-1.2594,7.7944,0.002069,-0.594353,0.122555,-1.573906,1.573859,0.923403
82,1783595485.469835,9.1747,9.2815,-0.0055,-1.4035,9.1747,0.002082,-0.595600,0.119061,-1.569214,1.569106,0.927755
83,1783595490.357855,8.4471,8.4753,-0.6042,-0.3362,8.4471,0.002083,-0.596798,0.115381,-1.562865,1.562693,0.933698
84,1783595496.651610,-9.2165,12.2240,-2.9601,7.4645,-9.2165,0.002139,-0.599058,0.109757,-1.535788,1.535859,0.958584
85,1783595511.438078,3.3011,3.3897,0.7692,0.0362,3.3011,0.003121,-0.513812,0.182583,0.000052,3.141551,-0.000294
86,1783595520.660531,1.1210,1.1592,-0.2593,0.1409,1.1210,0.010088,-0.539727,0.176002,-2.307501,1.770614,0.395904
87,1783595527.188747,2.1201,2.1289,-0.1756,-0.0798,2.1201,0.016154,-0.562301,0.163144,-2.110497,1.619410,0.706832
88,1783595532.941754,2.6611,2.6720,-0.1467,-0.1908,2.6611,0.018430,-0.570813,0.155035,-2.032083,1.559277,0.810582
89,1783595538.705236,3.3761,3.3948,-0.1034,-0.3411,3.3761,0.020479,-0.578419,0.145908,-1.949267,1.495723,0.910726
90,1783595544.323101,4.3542,4.3897,-0.0593,-0.5533,4.3542,0.021961,-0.583975,0.137698,-1.882459,1.444464,0.985282
91,1783595549.332395,4.8867,4.9287,-0.0228,-0.6420,4.8867,0.022607,-0.586343,0.133418,-1.867102,1.432711,1.001694
92,1783595554.450731,6.0350,6.1039,0.0250,-0.9140,6.0350,0.023277,-0.588879,0.128608,-1.844374,1.415221,1.025538
93,1783595559.537930,7.2991,7.3863,0.0631,-1.1299,7.2991,0.023805,-0.590846,0.123738,-1.823617,1.399281,1.046861
94,1783595564.803102,9.1557,9.2661,0.0883,-1.4234,9.1557,0.024551,-0.593564,0.117835,-1.788241,1.372125,1.082168
95,1783595569.801050,8.0662,8.0708,-0.2053,-0.1811,8.0662,0.024641,-0.593927,0.115367,-1.796832,1.378753,1.073642
96,1783595576.108350,-7.4604,10.4332,-1.2464,7.1862,-7.4604,0.025224,-0.596227,0.109779,-1.767065,1.355942,1.102650
97,1783595590.854877,3.6546,3.7285,0.7318,-0.1006,3.6546,0.004029,-0.513431,0.182751,0.000060,3.141531,-0.000315
98,1783595600.511425,1.9532,1.9652,-0.1847,-0.1142,1.9532,0.022638,-0.545601,0.171631,-2.448251,1.413478,0.622165
99,1783595606.787349,2.1675,2.1807,-0.1813,-0.1571,2.1675,0.029064,-0.556756,0.163012,-2.347852,1.355538,0.786146
100,1783595611.991211,2.5106,2.5166,-0.0986,-0.1442,2.5106,0.033662,-0.564552,0.155013,-2.266620,1.308483,0.904123
101,1783595617.746360,3.1966,3.2148,-0.0975,-0.3275,3.1966,0.037754,-0.571796,0.146249,-2.179762,1.258583,1.018268
102,1783595622.761756,3.5683,3.5897,-0.1072,-0.3774,3.5683,0.038897,-0.573783,0.141743,-2.163843,1.249499,1.038206
103,1783595628.364362,4.7384,4.7772,0.0249,-0.6069,4.7384,0.041691,-0.578420,0.133383,-2.092167,1.207864,1.122853
104,1783595633.479387,5.7433,5.8057,0.1012,-0.8429,5.7433,0.043048,-0.580811,0.128622,-2.068556,1.194370,1.149755
105,1783595638.569693,6.8932,6.9708,0.1168,-1.0302,6.8932,0.044036,-0.582532,0.123749,-2.046262,1.181420,1.174426
106,1783595643.845013,9.0546,9.1586,0.2240,-1.3585,9.0546,0.045431,-0.584969,0.117847,-2.008233,1.159504,1.215244
107,1783595648.879003,8.8177,8.8243,0.1038,-0.3249,8.8177,0.046231,-0.586419,0.113099,-1.986563,1.146911,1.237864
108,1783595654.814542,-9.3850,12.2576,-1.5506,7.7309,-9.3850,0.046699,-0.587384,0.109764,-1.985290,1.146262,1.238926
109,1783595669.533521,3.8486,3.9112,0.6601,-0.2236,3.8486,0.004808,-0.512834,0.182655,-0.000001,3.141558,-0.000361
110,1783595679.361809,1.6760,1.6897,-0.2082,-0.0520,1.6760,0.027646,-0.535572,0.174006,-2.702423,1.119635,0.576978
111,1783595685.831202,2.3851,2.3973,-0.1267,-0.2055,2.3851,0.042788,-0.550759,0.160133,-2.511952,1.040623,0.932131
112,1783595691.429319,2.8251,2.8438,-0.1262,-0.3000,2.8251,0.048568,-0.556596,0.152221,-2.434490,1.008713,1.051072
113,1783595696.717725,2.9396,2.9557,-0.1052,-0.2897,2.9396,0.051541,-0.559489,0.146747,-2.402298,0.995061,1.097105
114,1783595702.215249,3.7174,3.7497,-0.0866,-0.4833,3.7174,0.055573,-0.563623,0.139210,-2.335321,0.967607,1.187960
115,1783595707.479196,4.5652,4.6069,0.0215,-0.6184,4.5652,0.057992,-0.565962,0.133469,-2.298889,0.952710,1.233739
116,1783595712.599182,5.2789,5.3345,0.0509,-0.7669,5.2789,0.060074,-0.568048,0.128701,-2.274622,0.942319,1.264301
117,1783595717.680955,6.2035,6.2659,0.0600,-0.8806,6.2035,0.061300,-0.569228,0.123785,-2.251329,0.932589,1.292555
118,1783595722.950502,8.4604,8.5467,0.2270,-1.1899,8.4604,0.063285,-0.571242,0.117778,-2.211669,0.916438,1.338404
119,1783595727.758657,7.9289,7.9309,0.0730,-0.1617,7.9289,0.065037,-0.573140,0.114900,-2.208347,0.915081,1.342219
120,1783595733.928420,-8.1894,10.8894,-1.6226,6.9914,-8.1894,0.065154,-0.573228,0.109791,-2.187865,0.906330,1.365364
121,1783595748.498797,3.8811,3.9336,0.5686,-0.2951,3.8811,0.005419,-0.512078,0.183084,0.000027,3.141528,-0.000337
122,1783595758.597097,2.0812,2.0964,-0.1759,-0.1810,2.0812,0.037883,-0.530713,0.172054,-2.827351,0.757457,0.718072
123,1783595764.497730,2.0898,2.1018,-0.1602,-0.1575,2.0898,0.048823,-0.537069,0.163030,-2.735965,0.733154,0.916283
124,1783595770.761369,2.3821,2.3975,-0.1495,-0.2269,2.3821,0.056358,-0.541439,0.154835,-2.658415,0.712263,1.060599
125,1783595776.203257,2.8655,2.8883,-0.1127,-0.3447,2.8655,0.063301,-0.545462,0.145889,-2.572683,0.689346,1.201887
126,1783595780.832157,3.0768,3.0984,-0.1243,-0.3434,3.0768,0.065879,-0.546933,0.141722,-2.556363,0.684827,1.227231
127,1783595786.245415,3.6884,3.7188,-0.1112,-0.4612,3.6884,0.069601,-0.549109,0.135018,-2.506123,0.671236,1.301369
128,1783595791.627120,4.7988,4.8468,0.0192,-0.6800,4.7988,0.072788,-0.550944,0.128536,-2.458598,0.658998,1.367043
129,1783595796.684832,6.1327,6.2106,0.0112,-0.9806,6.1327,0.074727,-0.552094,0.123890,-2.435718,0.652938,1.398506
130,1783595801.790977,7.6407,7.7080,0.1728,-1.0015,7.6407,0.076254,-0.552915,0.119001,-2.413388,0.646854,1.427018
131,1783595806.822203,7.1316,7.1644,0.4448,0.5200,7.1316,0.077834,-0.553813,0.114459,-2.392351,0.641069,1.454106
132,1783595812.960048,-8.3238,12.1683,0.9522,8.8247,-8.3238,0.079212,-0.554657,0.109781,-2.371391,0.635407,1.480017
133,1783595827.409295,3.8374,3.8768,0.4066,-0.3729,3.8374,0.005787,-0.511152,0.182670,0.000039,3.141574,-0.000133
134,1783595837.897913,1.8378,1.8554,-0.1967,-0.1628,1.8378,0.036945,-0.519484,0.174031,-2.994424,0.394152,0.639036
135,1783595843.893897,2.1061,2.1232,-0.1565,-0.2187,2.1061,0.054189,-0.524094,0.163130,-2.878162,0.378850,0.963595
136,1783595849.843744,2.8465,2.8711,-0.0567,-0.3707,2.8465,0.066093,-0.527273,0.151423,-2.759941,0.363421,1.212814
137,1783595855.687768,3.0621,3.0956,-0.0520,-0.4514,3.0621,0.071794,-0.528815,0.144164,-2.703039,0.355828,1.315813
138,1783595860.643021,2.9360,2.9609,-0.0759,-0.3759,2.9360,0.072963,-0.529132,0.141609,-2.711362,0.356880,1.301244
139,1783595866.091729,3.3238,3.3565,-0.0777,-0.4609,3.3238,0.077177,-0.530264,0.134966,-2.663228,0.350597,1.382800
140,1783595871.118120,4.1276,4.1740,-0.0606,-0.6174,4.1276,0.080941,-0.531313,0.128517,-2.617572,0.345149,1.454981
141,1783595876.184908,5.3487,5.4174,-0.0385,-0.8594,5.3487,0.083230,-0.531908,0.123905,-2.594828,0.341039,1.490267
142,1783595881.261775,6.3283,6.3775,0.0527,-0.7885,6.3283,0.085305,-0.532403,0.119200,-2.573051,0.338597,1.521411
143,1783595886.176262,1.6799,2.9456,0.0013,2.4195,1.6799,0.086891,-0.532882,0.115631,-2.565469,0.338078,1.532902
144,1783595891.436632,-13.0004,16.6519,0.0790,10.4052,-13.0004,0.088124,-0.533217,0.109868,-2.532245,0.333206,1.580140
145,1783595906.745977,2.4008,2.4405,-0.1631,-0.4069,2.4008,0.016961,-0.510181,0.181884,3.128594,0.000002,-0.283559
146,1783595912.716759,1.9992,2.0168,-0.1722,-0.2025,1.9992,0.038263,-0.510147,0.174201,3.072309,-0.000180,-0.655883
147,1783595919.158110,2.2419,2.2610,-0.1092,-0.2722,2.2419,0.055951,-0.510157,0.163025,-2.978999,-0.000037,0.997553
148,1783595924.532240,2.7789,2.8039,-0.0500,-0.3707,2.7789,0.067716,-0.510140,0.152168,-2.884295,-0.000222,1.245123
149,1783595929.852902,2.9953,3.0208,-0.0508,-0.3885,2.9953,0.072949,-0.510176,0.146100,2.846363,-0.000431,-1.329272
150,1783595934.912286,3.2056,3.2295,-0.0467,-0.3888,3.2056,0.075527,-0.510165,0.141728,2.831843,0.000096,-1.359324
151,1783595940.476754,3.8704,3.9040,0.0464,-0.5086,3.8704,0.081020,-0.510135,0.133476,-2.768204,0.000096,1.485372
152,1783595945.495776,4.5287,4.5720,0.0580,-0.6247,4.5287,0.081950,-0.510121,0.130925,-2.776078,-0.000103,1.469886
153,1783595950.962430,5.2583,5.3040,0.0317,-0.6937,5.2583,0.085734,-0.510176,0.123744,2.724691,-0.000139,-1.563813
154,1783595956.032634,6.4404,6.4991,0.0225,-0.8708,6.4404,0.088489,-0.510199,0.119275,2.703448,0.000298,-1.599574
155,1783595962.266353,3.2280,3.4697,-0.6472,1.0953,3.2280,0.089205,-0.510163,0.114382,-2.684368,0.000015,1.632069
156,1783595966.579027,-15.1840,17.8750,-3.2223,8.8645,-15.1840,0.091931,-0.510171,0.108325,-2.645546,0.000018,1.694138
157,1783595981.704382,3.3427,3.3692,0.1592,-0.3904,3.3427,0.005796,-0.509198,0.183018,-0.000019,3.141537,-0.000496
158,1783595992.680719,2.0246,2.0385,-0.1287,-0.1997,2.0246,0.037006,-0.500831,0.174057,2.994280,0.394177,-0.639142
159,1783595998.818510,2.4012,2.4214,-0.0852,-0.3003,2.4012,0.054171,-0.496250,0.163161,2.878060,0.378638,-0.963578
160,1783596004.891715,2.9242,2.9509,-0.0010,-0.3960,2.9242,0.066086,-0.493054,0.151475,2.759943,0.363411,-1.212899
161,1783596009.880690,2.8529,2.8706,-0.0218,-0.3174,2.8529,0.069613,-0.492130,0.146846,2.739390,0.360668,-1.250947
162,1783596015.089052,3.1251,3.1441,0.0035,-0.3449,3.1251,0.072994,-0.491229,0.141636,2.711465,0.357295,-1.301038
163,1783596020.432172,3.7279,3.7599,0.0118,-0.4899,3.7279,0.077080,-0.490138,0.135319,2.666525,0.350854,-1.376644
164,1783596025.843508,4.4175,4.4648,0.0669,-0.6448,4.4175,0.080937,-0.489064,0.128578,2.617754,0.344911,-1.455250
165,1783596031.143369,5.4624,5.5239,0.1374,-0.8110,5.4624,0.083696,-0.488318,0.122662,2.579075,0.339752,-1.513057
166,1783596036.059525,6.5995,6.6681,0.1289,-0.9451,6.5995,0.084981,-0.487974,0.119122,2.573333,0.339057,-1.521644
167,1783596041.471754,6.7212,6.7347,-0.2056,-0.3743,6.7212,0.087050,-0.487461,0.113070,2.532908,0.333133,-1.578351
168,1783596047.388886,-7.9588,10.1367,-1.9091,5.9805,-7.9588,0.088159,-0.487120,0.109808,2.532090,0.333027,-1.580013
169,1783596067.711671,3.0164,3.0368,0.0196,-0.3516,3.0164,0.005410,-0.508299,0.182670,0.000001,3.141538,-0.000376
170,1783596078.242422,2.2441,2.2577,-0.0571,-0.2411,2.2441,0.033394,-0.492152,0.174184,2.869740,0.768606,-0.612701
171,1783596084.483265,2.5103,2.5248,0.0059,-0.2703,2.5103,0.048721,-0.483277,0.163045,2.736105,0.732972,-0.916361
172,1783596090.134711,2.7310,2.7447,0.0126,-0.2738,2.7310,0.056471,-0.478814,0.155000,2.658370,0.711888,-1.060661
173,1783596095.805436,3.0857,3.1045,0.0545,-0.3367,3.0857,0.062566,-0.475285,0.146866,2.585923,0.693008,-1.180967
174,1783596101.156108,3.4223,3.4424,0.0880,-0.3610,3.4223,0.066485,-0.472999,0.140475,2.539838,0.680506,-1.251739
175,1783596106.654006,4.0403,4.0746,0.1328,-0.5100,4.0403,0.071263,-0.470203,0.132766,2.472137,0.662517,-1.348715
176,1783596111.686265,4.4446,4.4844,0.1372,-0.5801,4.4446,0.072707,-0.469378,0.128503,2.458894,0.658945,-1.367113
177,1783596116.792127,5.4378,5.4917,0.1425,-0.7542,5.4378,0.074422,-0.468387,0.123713,2.435562,0.652575,-1.398132
178,1783596122.022811,6.6871,6.7593,0.2217,-0.9602,6.6871,0.076989,-0.466906,0.117786,2.395656,0.642435,-1.450087
179,1783596127.166364,8.0353,8.0921,0.1488,-0.9459,8.0353,0.078251,-0.466188,0.112979,2.372708,0.635858,-1.478408
180,1783596132.012568,1.5874,3.2717,-0.9129,2.7113,1.5874,0.079211,-0.465644,0.109837,2.371424,0.635595,-1.479843
181,1783596153.765424,2.9335,2.9675,0.0592,-0.4443,2.9335,0.012627,-0.499702,0.182050,2.828512,1.171642,-0.256556
182,1783596159.954623,2.5379,2.5501,0.0842,-0.2343,2.5379,0.027613,-0.484743,0.174031,2.702392,1.119321,-0.577255
183,1783596166.107572,2.8252,2.8405,0.1563,-0.2494,2.8252,0.040784,-0.471515,0.163858,2.557777,1.059149,-0.856317
184,1783596171.829358,2.9652,2.9782,0.1295,-0.2460,2.9652,0.046504,-0.465821,0.155001,2.476375,1.025797,-0.988461
185,1783596177.571527,3.3503,3.3691,0.1694,-0.3128,3.3503,0.052065,-0.460216,0.145915,2.388732,0.989082,-1.116189
186,1783596182.879869,3.4603,3.4770,0.1437,-0.3083,3.4603,0.054651,-0.457613,0.140427,2.355751,0.975794,-1.161256
187,1783596188.112440,3.7879,3.8082,0.1292,-0.3704,3.7879,0.056932,-0.455352,0.135193,2.325333,0.963310,-1.200998
188,1783596193.490008,4.3726,4.4041,0.1395,-0.5070,4.3726,0.059747,-0.452508,0.128510,2.274237,0.942275,-1.264752
189,1783596198.688708,5.2742,5.3237,0.1123,-0.7155,5.2742,0.061338,-0.451066,0.123841,2.251004,0.932229,-1.291950
190,1783596203.863738,6.5125,6.5778,0.1530,-0.9118,6.5125,0.062488,-0.449740,0.119011,2.229231,0.923075,-1.318490
191,1783596209.042307,7.6127,7.6604,0.1254,-0.8445,7.6127,0.063760,-0.448549,0.114356,2.208046,0.915378,-1.342991
192,1783596213.967505,4.6842,4.8613,0.1356,1.2933,4.6842,0.065983,-0.446358,0.110955,2.198686,0.910514,-1.352538
193,1783596232.436713,2.9952,3.0261,0.1107,-0.4173,2.9952,0.009610,-0.497387,0.182002,2.634164,1.520797,-0.239024
194,1783596238.723957,2.5895,2.6006,0.1620,-0.1774,2.5895,0.020171,-0.478900,0.174067,2.497302,1.442021,-0.533362
195,1783596246.349437,3.2390,3.2687,0.2435,-0.3660,3.2390,0.030900,-0.460348,0.160341,2.301821,1.328752,-0.854247
196,1783596250.819962,3.0945,3.1108,0.2155,-0.2335,3.0945,0.033576,-0.455607,0.154498,2.261276,1.305557,-0.911595
197,1783596256.778022,3.3430,3.3610,0.1594,-0.3089,3.3430,0.037468,-0.449047,0.145929,2.179568,1.258377,-1.018593
198,1783596262.033932,3.4102,3.4249,0.1293,-0.2890,3.4102,0.038729,-0.446677,0.141558,2.163794,1.248860,-1.038589
199,1783596267.681750,3.7583,3.7773,0.1150,-0.3605,3.7583,0.040874,-0.443069,0.135229,2.117915,1.222545,-1.093748
200,1783596273.356344,4.3233,4.3545,0.1250,-0.5055,4.3233,0.042939,-0.439569,0.128549,2.068290,1.194280,-1.149741
201,1783596278.948051,5.4094,5.4628,0.1570,-0.7456,5.4094,0.044266,-0.437263,0.122642,2.030583,1.172598,-1.191155
202,1783596284.034869,6.1661,6.2272,0.1013,-0.8645,6.1661,0.044929,-0.436108,0.119085,2.024639,1.169122,-1.197181
203,1783596289.660009,6.9983,7.0384,-0.0027,-0.7499,6.9983,0.046161,-0.433974,0.113026,1.986363,1.146807,-1.237760
204,1783596294.906818,-3.1480,5.0797,-1.1214,3.8257,-3.1480,0.046618,-0.433146,0.109778,1.985233,1.146235,-1.238947
205,1783596314.120657,3.0837,3.1145,0.1619,-0.4062,3.0837,0.006061,-0.495775,0.182437,2.399009,1.840564,-0.217556
206,1783596320.899377,3.0332,3.0572,0.3065,-0.2273,3.0332,0.012730,-0.470447,0.171902,2.209308,1.695252,-0.561590
207,1783596328.172107,2.8607,2.8817,0.2648,-0.2246,2.8607,0.016080,-0.458146,0.163058,2.110586,1.619444,-0.706724
208,1783596333.183391,3.1906,3.2121,0.2819,-0.2416,3.1906,0.018499,-0.449223,0.154592,2.027163,1.555211,-0.817085
209,1783596339.276858,3.3418,3.3620,0.2518,-0.2684,3.3418,0.020434,-0.441879,0.145950,1.949327,1.495995,-0.910931
210,1783596344.606675,3.2492,3.2610,0.1395,-0.2392,3.2492,0.021180,-0.439351,0.141640,1.933774,1.484144,-0.928121
211,1783596350.644079,3.7067,3.7266,0.1861,-0.3370,3.7067,0.022524,-0.434055,0.133380,1.867226,1.432543,-1.002021
212,1783596356.153780,4.0162,4.0426,0.1993,-0.4151,4.0162,0.023250,-0.431453,0.128498,1.844646,1.415428,-1.025502
213,1783596361.756419,5.0421,5.0873,0.2336,-0.6349,5.0421,0.023945,-0.428863,0.122605,1.809487,1.388280,-1.061288
214,1783596366.858949,6.1271,6.1900,0.2208,-0.8523,6.1271,0.024306,-0.427668,0.119053,1.803866,1.383744,-1.066622
215,1783596372.502390,7.2143,7.2661,0.1512,-0.8531,7.2143,0.024926,-0.425239,0.113017,1.767982,1.356493,-1.101696
216,1783596378.552765,-2.7714,4.4439,-1.1394,3.2816,-2.7714,0.025172,-0.424284,0.109786,1.766942,1.355789,-1.102747
217,1783596397.889784,3.0878,3.1164,0.2054,-0.3679,3.0878,0.002187,-0.495428,0.181930,2.126528,2.126450,-0.193094
218,1783596405.555784,2.4810,2.4995,0.2895,-0.0907,2.4810,0.002150,-0.474162,0.174014,1.989399,1.989359,-0.424682
219,1783596411.082458,2.7099,2.7268,0.2808,-0.1143,2.7099,0.002179,-0.456641,0.163447,1.854408,1.854399,-0.613974
220,1783596418.377738,3.0549,3.0824,0.3472,-0.2203,3.0549,0.002135,-0.447112,0.154610,1.772477,1.772399,-0.714507
221,1783596424.361430,3.1528,3.1779,0.3024,-0.2606,3.1528,0.002155,-0.440364,0.146844,1.712688,1.712728,-0.782166
222,1783596430.122949,3.1332,3.1507,0.2307,-0.2384,3.1332,0.002152,-0.435874,0.140511,1.673141,1.673119,-0.824580
223,1783596434.701442,3.4282,3.4431,0.1958,-0.2540,3.4282,0.002168,-0.432530,0.134983,1.644827,1.644694,-0.854249
224,1783596440.395945,3.8147,3.8375,0.2206,-0.3543,3.8147,0.002195,-0.428546,0.128620,1.605638,1.605497,-0.892554
225,1783596445.823800,4.8946,4.9387,0.2767,-0.5973,4.8946,0.002138,-0.426494,0.123840,1.586978,1.586598,-0.911230
226,1783596451.504034,6.1250,6.1957,0.2933,-0.8863,6.1250,0.002148,-0.424053,0.117785,1.555045,1.554526,-0.941224
227,1783596456.909289,6.8048,6.8589,0.1507,-0.8468,6.8048,0.002186,-0.422337,0.113009,1.536956,1.536728,-0.957715
228,1783596461.787843,3.1449,3.2241,-0.1830,0.6860,3.1449,0.002123,-0.417175,0.110634,1.536224,1.535701,-0.958407
229,1783596480.425716,0.6297,0.7936,-0.4595,0.1491,0.6297,0.001184,-0.506562,0.183056,0.000048,3.141562,-0.000221
230,1783596488.869870,2.6317,2.6535,0.3332,-0.0639,2.6317,-0.008478,-0.470561,0.171685,1.653597,2.155019,-0.419827
231,1783596495.366486,2.6318,2.6494,0.2913,-0.0913,2.6318,-0.011781,-0.458187,0.162996,1.570200,2.046297,-0.525708
232,1783596501.322752,2.8696,2.8886,0.3113,-0.1117,2.8696,-0.014204,-0.449281,0.154573,1.501372,1.956630,-0.605065
233,1783596507.420748,3.2475,3.2734,0.3310,-0.2435,3.2475,-0.016186,-0.441815,0.146014,1.438442,1.874695,-0.672080
234,1783596513.236732,3.4436,3.4728,0.3525,-0.2788,3.4436,-0.017431,-0.437173,0.139191,1.398857,1.823175,-0.711610
235,1783596518.899775,3.3676,3.3900,0.3044,-0.2422,3.3676,-0.018289,-0.434006,0.133397,1.372873,1.789196,-0.736789
236,1783596524.528610,3.7676,3.7951,0.3113,-0.3325,3.7676,-0.019138,-0.430825,0.127535,1.345366,1.753339,-0.762445
237,1783596529.684196,4.8255,4.8739,0.3236,-0.6038,4.8255,-0.019483,-0.429531,0.123798,1.338464,1.744411,-0.768744
238,1783596535.275476,5.8990,5.9685,0.3671,-0.8305,5.8990,-0.020382,-0.426093,0.118015,1.310799,1.708442,-0.793389
239,1783596540.701715,6.7158,6.7687,0.3024,-0.7884,6.7158,-0.020599,-0.425325,0.113043,1.295089,1.687861,-0.807251
240,1783596545.996681,2.1475,2.5967,-0.1126,1.4554,2.1475,-0.021296,-0.422651,0.108520,1.280105,1.668436,-0.819974
241,1783596564.145112,0.3059,0.5888,-0.4238,0.2711,0.3059,0.000277,-0.506942,0.182814,0.000027,3.141537,-0.000283
242,1783596572.498748,1.9771,1.9967,0.2575,0.1081,1.9771,-0.015293,-0.479946,0.174411,1.388845,2.405539,-0.284495
243,1783596579.693577,2.2671,2.2795,0.2363,-0.0203,2.2671,-0.023491,-0.465728,0.164805,1.294971,2.242991,-0.402951
244,1783596584.983844,2.6966,2.7110,0.2711,-0.0667,2.6966,-0.029349,-0.455608,0.154529,1.216672,2.107412,-0.490372
245,1783596590.928469,2.8454,2.8580,0.2209,-0.1513,2.8454,-0.032721,-0.449688,0.146861,1.172420,2.030964,-0.535396
246,1783596596.689122,2.9512,2.9691,0.2890,-0.1496,2.9512,-0.035037,-0.445824,0.140471,1.143637,1.981167,-0.563678
247,1783596602.693854,3.0484,3.0679,0.2711,-0.2146,3.0484,-0.036568,-0.443073,0.135226,1.125254,1.949068,-0.581027
248,1783596607.904690,3.6462,3.6768,0.3518,-0.3172,3.6462,-0.038660,-0.439586,0.128545,1.094940,1.896542,-0.608807
249,1783596613.309344,4.4539,4.4958,0.3198,-0.5221,4.4539,-0.039552,-0.437897,0.123763,1.081009,1.872943,-0.620931
250,1783596618.902613,5.6590,5.7279,0.3066,-0.8314,5.6590,-0.040919,-0.435534,0.117833,1.058089,1.833009,-0.640772
251,1783596624.279650,6.2768,6.3247,0.2567,-0.7328,6.2768,-0.041845,-0.434052,0.113040,1.045382,1.810791,-0.651860
252,1783596630.303893,-2.3741,3.6519,-1.2817,2.4612,-2.3741,-0.042312,-0.433112,0.109779,1.044724,1.809634,-0.651980
253,1783596648.320581,-0.5360,0.7150,-0.3250,0.3438,-0.5360,-0.000531,-0.507424,0.186998,0.000003,-3.141494,-0.000818
254,1783596654.877635,1.7522,1.7774,0.2372,0.1810,1.7522,-0.022527,-0.485482,0.174408,1.056285,2.550048,-0.216367
255,1783596662.084598,2.2847,2.2960,0.2274,-0.0107,2.2847,-0.035653,-0.472358,0.163458,0.968948,2.339388,-0.320983
256,1783596668.146713,2.4578,2.4689,0.2244,-0.0640,2.4578,-0.042370,-0.465636,0.154479,0.921447,2.224544,-0.371376
257,1783596672.916659,2.6730,2.6824,0.2059,-0.0894,2.6730,-0.047357,-0.460662,0.146952,0.887666,2.142108,-0.405042
258,1783596679.119792,2.7843,2.7943,0.1918,-0.1376,2.7843,-0.050344,-0.457664,0.140469,0.865074,2.088253,-0.426183
259,1783596684.028270,2.9642,2.9775,0.2289,-0.1633,2.9642,-0.053086,-0.455010,0.135509,0.850722,2.054034,-0.439795
260,1783596689.769504,3.4879,3.5082,0.2263,-0.3005,3.4879,-0.055715,-0.452357,0.128658,0.827656,1.997329,-0.459895
261,1783596695.116494,4.4364,4.4793,0.2477,-0.5667,4.4364,-0.057089,-0.450903,0.123923,0.816508,1.972130,-0.469225
262,1783596700.466954,5.3192,5.3788,0.2513,-0.7582,5.3192,-0.058448,-0.449555,0.119157,0.806788,1.948476,-0.477357
263,1783596706.077320,5.9725,6.0193,0.0988,-0.7426,5.9725,-0.059986,-0.447988,0.112983,0.789647,1.905752,-0.491504
264,1783596710.934938,2.6899,2.8274,-0.7199,0.4904,2.6899,-0.061686,-0.446302,0.110109,0.788494,1.904529,-0.492716
265,1783596729.743679,-0.5691,0.7469,-0.2202,0.4305,-0.5691,-0.001116,-0.508217,0.186191,0.000043,-3.141463,-0.001047
266,1783596735.284342,1.8565,1.8735,0.1928,0.1628,1.8565,-0.028145,-0.492656,0.174766,0.711108,2.653685,-0.145813
267,1783596741.697657,2.0826,2.0918,0.1806,0.0765,2.0826,-0.044060,-0.483451,0.163325,0.651071,2.429865,-0.215491
268,1783596748.427302,2.3374,2.3438,0.1694,-0.0304,2.3374,-0.052376,-0.478660,0.154521,0.618524,2.308270,-0.249199
269,1783596754.237725,2.7896,2.8027,0.2097,-0.1725,2.7896,-0.059090,-0.474814,0.145989,0.590785,2.204777,-0.276090
270,1783596758.538429,2.7804,2.7856,0.1114,-0.1272,2.7804,-0.062251,-0.472936,0.140597,0.579612,2.164884,-0.286325
271,1783596764.280786,3.2730,3.2875,0.1374,-0.2763,3.2730,-0.066729,-0.470373,0.132681,0.558422,2.084709,-0.304909
272,1783596770.512920,3.5038,3.5296,0.1643,-0.3925,3.5038,-0.068481,-0.469381,0.128590,0.554404,2.069338,-0.308441
273,1783596774.939220,4.3099,4.3449,0.1645,-0.5251,4.3099,-0.070963,-0.467959,0.122634,0.543293,2.025086,-0.318041
274,1783596779.956640,5.2864,5.3395,0.1464,-0.7365,5.2864,-0.071885,-0.467388,0.119065,0.540948,2.018015,-0.319493
275,1783596785.247884,6.1051,6.1500,0.0761,-0.7381,6.1051,-0.073309,-0.466559,0.114357,0.534831,1.994318,-0.324468
276,1783596790.501441,3.4128,3.5079,-0.5122,0.6291,3.4128,-0.075180,-0.465499,0.109914,0.527945,1.971920,-0.329931
277,1783596807.831153,2.5491,2.5624,0.2374,-0.1081,2.5491,-0.012140,-0.506372,0.181796,0.386490,2.936755,-0.035108
278,1783596814.342627,1.4714,1.4919,0.1003,0.2257,1.4714,-0.031544,-0.501134,0.174429,0.357638,2.716548,-0.073326
279,1783596820.217232,2.0531,2.0584,0.1243,0.0799,2.0531,-0.049789,-0.496269,0.163047,0.325981,2.477186,-0.109381
280,1783596825.935460,2.4647,2.4670,0.1022,-0.0246,2.4647,-0.058647,-0.493896,0.154577,0.310511,2.358310,-0.125294
281,1783596831.630200,2.9789,2.9866,0.1026,-0.1881,2.9789,-0.067580,-0.491473,0.146884,0.295982,2.251703,-0.139056
282,1783596837.236058,3.4064,3.4230,0.1233,-0.3129,3.4064,-0.071605,-0.490427,0.137830,0.284911,2.162328,-0.148874
283,1783596842.288810,3.2264,3.2371,0.0632,-0.2556,3.2264,-0.074035,-0.489789,0.133440,0.282572,2.141833,-0.150969
284,1783596847.420112,3.8200,3.8449,0.0697,-0.4312,3.8200,-0.076623,-0.489070,0.128683,0.278184,2.112144,-0.154628
285,1783596852.345780,4.4162,4.4518,0.0902,-0.5545,4.4162,-0.077611,-0.488808,0.125161,0.277704,2.107007,-0.155245
286,1783596857.495622,5.2798,5.3205,0.1614,-0.6367,5.2798,-0.079634,-0.488268,0.120144,0.273744,2.077633,-0.158226
287,1783596862.921623,6.4997,6.5391,0.1896,-0.6911,6.4997,-0.082675,-0.487441,0.113039,0.265378,2.013441,-0.165018
288,1783596868.945697,-3.0420,3.7489,-0.6185,2.1020,-3.0420,-0.085434,-0.486695,0.110022,0.265489,2.012362,-0.164513
